{
  "episode_rewards": [
    -54.99026541644707,
    -60.010522975586355,
    -57.39077023649588,
    -60.19043598510325,
    -51.864397251745686,
    -56.15529247233644,
    -49.79154239222407,
    -59.62086928077042,
    -56.78546733222902,
    -56.759292353875935,
    -62.33326353458688,
    -50.56660524988547,
    -56.266419959720224,
    -53.184784029144794,
    -60.28101503592916,
    -56.99814722931478,
    -55.64080751687288
  ],
  "episode_delays": [
    55386.0,
    65619.0,
    50190.0,
    60188.0,
    65359.0,
    58691.0,
    57463.0,
    54241.0,
    62742.0,
    54494.0,
    55567.0,
    60140.0,
    60033.0,
    51507.0,
    61880.0,
    62449.0,
    57964.0
  ],
  "total_episodes": 17,
  "mean_reward": -56.401758720721666,
  "best_reward": -49.79154239222407
}